Calibration ID,File Format,Instrument,Measurement unit,Sensor,Acquisition Time,Automatic Dark Current Correction,Calibration Number,FOV,File Name,File Version,Gain_SWIR1,Gain_SWIR2,Integration Time,Loading Time,Number of internal Scans,Offset_SWIR1,Offset_SWIR2,Spectrum Number,Time since last DC,CampaignId,SpectrumId,
75,ASD Binary,ASD FS FR-3  #18739,Radiance,ASD FS FR-3,2021-04-19 14:13:43,ON,1,25,radcal_00000.asd,as7,169,255,17,2025-01-15 20:03:52,10,2076,2143,0,2316,75,865013,
75,ASD Binary,ASD FS FR-3  #18739,Radiance,ASD FS FR-3,2021-04-19 14:13:51,ON,1,25,radcal_00001.asd,as7,169,255,17,2025-01-15 20:03:53,10,2076,2143,1,2324,75,865019,
75,ASD Binary,ASD FS FR-3  #18739,Radiance,ASD FS FR-3,2021-04-19 14:26:53,ON,1,25,radcal_00002.asd,as7,169,255,17,2025-01-15 20:03:54,10,2076,2143,2,3106,75,865025,
75,ASD Binary,ASD FS FR-3  #18739,Radiance,ASD FS FR-3,2021-04-19 14:32:19,ON,1,25,radcal_00003.asd,as7,169,255,17,2025-01-15 20:03:54,10,2076,2143,3,3432,75,865023,
75,ASD Binary,ASD FS FR-3  #18739,Radiance,ASD FS FR-3,2021-04-19 14:32:23,ON,1,25,radcal_00004.asd,as7,169,255,17,2025-01-15 20:03:52,10,2076,2143,4,3436,75,865011,
75,ASD Binary,ASD FS FR-3  #18739,Radiance,ASD FS FR-3,2021-04-19 14:33:19,ON,1,25,radcal_00005.asd,as7,169,255,17,2025-01-15 20:03:49,10,2076,2143,5,3492,75,865005,
75,ASD Binary,ASD FS FR-3  #18739,Radiance,ASD FS FR-3,2021-04-19 14:50:53,ON,1,25,radcal_00006.asd,as7,169,255,17,2025-01-15 20:03:48,10,2076,2143,6,4546,75,864999,
75,ASD Binary,ASD FS FR-3  #18739,Radiance,ASD FS FR-3,2021-04-19 14:51:41,ON,1,25,radcal_00007.asd,as7,169,255,17,2025-01-15 20:03:48,10,2076,2143,7,4594,75,865001,
75,ASD Binary,ASD FS FR-3  #18739,Radiance,ASD FS FR-3,2021-04-19 15:01:34,ON,1,25,radcal_00008.asd,as7,169,255,17,2025-01-15 20:03:46,10,2076,2143,8,5187,75,864991,
75,ASD Binary,ASD FS FR-3  #18739,Radiance,ASD FS FR-3,2021-04-19 15:11:53,ON,1,25,radcal_00009.asd,as7,169,255,17,2025-01-15 20:03:45,10,2076,2143,9,5806,75,864985,
75,ASD Binary,ASD FS FR-3  #18739,Radiance,ASD FS FR-3,2021-04-19 15:21:56,ON,1,25,radcal_00010.asd,as7,169,255,17,2025-01-15 20:03:50,10,2076,2143,10,6409,75,865009,
75,ASD Binary,ASD FS FR-3  #18739,Radiance,ASD FS FR-3,2021-04-19 15:33:14,ON,1,25,radcal_00011.asd,as7,169,255,17,2025-01-15 20:03:50,10,2076,2143,11,7087,75,865007,
75,ASD Binary,ASD FS FR-3  #18739,Radiance,ASD FS FR-3,2021-04-19 15:44:08,ON,1,25,radcal_00012.asd,as7,169,255,17,2025-01-15 20:03:47,10,2076,2143,12,7741,75,864997,
75,ASD Binary,ASD FS FR-3  #18739,Radiance,ASD FS FR-3,2021-04-19 15:55:29,ON,1,25,radcal_00013.asd,as7,169,255,17,2025-01-15 20:03:49,10,2076,2143,13,8422,75,865003,
75,ASD Binary,ASD FS FR-3  #18739,Radiance,ASD FS FR-3,2021-04-19 16:06:28,ON,1,25,radcal_00014.asd,as7,169,255,17,2025-01-15 20:03:52,10,2076,2143,14,9081,75,865015,
75,ASD Binary,ASD FS FR-3  #18739,Radiance,ASD FS FR-3,2021-04-19 16:17:49,ON,1,25,radcal_00015.asd,as7,169,255,17,2025-01-15 20:03:53,10,2076,2143,15,9762,75,865017,
75,ASD Binary,ASD FS FR-3  #18739,Radiance,ASD FS FR-3,2021-04-19 16:30:24,ON,1,25,radcal_00016.asd,as7,169,255,17,2025-01-15 20:03:55,10,2076,2143,16,10517,75,865027,
75,ASD Binary,ASD FS FR-3  #18739,Radiance,ASD FS FR-3,2021-04-19 16:41:13,ON,1,25,radcal_00017.asd,as7,169,255,17,2025-01-15 20:03:53,10,2076,2143,17,11166,75,865021,
75,ASD Binary,ASD FS FR-3  #18739,Radiance,ASD FS FR-3,2021-04-19 16:51:49,ON,1,25,radcal_00018.asd,as7,169,255,17,2025-01-15 20:03:43,10,2076,2143,18,11802,75,864979,
75,ASD Binary,ASD FS FR-3  #18739,Radiance,ASD FS FR-3,2021-04-19 17:02:34,ON,1,25,radcal_00019.asd,as7,169,255,17,2025-01-15 20:03:44,10,2076,2143,19,12447,75,864981,
75,ASD Binary,ASD FS FR-3  #18739,Radiance,ASD FS FR-3,2021-04-19 17:13:26,ON,1,25,radcal_00020.asd,as7,169,255,17,2025-01-15 20:03:45,10,2076,2143,20,13099,75,864989,
75,ASD Binary,ASD FS FR-3  #18739,Radiance,ASD FS FR-3,2021-04-19 17:24:50,ON,1,25,radcal_00021.asd,as7,169,255,17,2025-01-15 20:03:45,10,2076,2143,21,13783,75,864987,
75,ASD Binary,ASD FS FR-3  #18739,Radiance,ASD FS FR-3,2021-04-19 17:36:16,ON,1,25,radcal_00022.asd,as7,169,255,17,2025-01-15 20:03:46,10,2076,2143,22,14469,75,864993,
75,ASD Binary,ASD FS FR-3  #18739,Radiance,ASD FS FR-3,2021-04-19 17:47:08,ON,1,25,radcal_00023.asd,as7,169,255,17,2025-01-15 20:03:47,10,2076,2143,23,15121,75,864995,
75,ASD Binary,ASD FS FR-3  #18739,Radiance,ASD FS FR-3,2021-04-19 17:58:39,ON,1,25,radcal_00024.asd,as7,169,255,17,2025-01-15 20:03:43,10,2076,2143,24,15812,75,864977,
75,ASD Binary,ASD FS FR-3  #18739,Radiance,ASD FS FR-3,2021-04-19 18:27:22,ON,1,25,radcal_00025.asd,as7,169,255,17,2025-01-15 20:03:44,10,2076,2143,25,17535,75,864983,
